{"R2": 0.5920029294063469, "MSE": 364.32416665577574}